Image Name,sub-category,index
0,UT: Graphic Tees,0
1,UT: Graphic Tees,0
2,UT: Graphic Tees,0
3,UT: Graphic Tees,0
4,UT: Graphic Tees,0
5,UT: Graphic Tees,0
10,UT: Graphic Tees,0
11,UT: Graphic Tees,0
12,UT: Graphic Tees,0
13,UT: Graphic Tees,0
14,UT: Graphic Tees,0
15,UT: Graphic Tees,0
16,UT: Graphic Tees,0
17,UT: Graphic Tees,0
18,UT: Graphic Tees,0
21,UT: Graphic Tees,0
22,UT: Graphic Tees,0
23,UT: Graphic Tees,0
24,UT: Graphic Tees,0
25,UT: Graphic Tees,0
26,UT: Graphic Tees,0
27,UT: Graphic Tees,0
32,UT: Graphic Tees,0
33,UT: Graphic Tees,0
34,UT: Graphic Tees,0
35,UT: Graphic Tees,0
37,UT: Graphic Tees,0
41,UT: Graphic Tees,0
42,UT: Graphic Tees,0
43,UT: Graphic Tees,0
44,UT: Graphic Tees,0
45,UT: Graphic Tees,0
46,UT: Graphic Tees,0
47,UT: Graphic Tees,0
51,UT: Graphic Tees,0
52,UT: Graphic Tees,0
53,UT: Graphic Tees,0
54,UT: Graphic Tees,0
55,UT: Graphic Tees,0
56,UT: Graphic Tees,0
58,UT: Graphic Tees,0
61,UT: Graphic Tees,0
62,UT: Graphic Tees,0
63,UT: Graphic Tees,0
64,UT: Graphic Tees,0
65,UT: Graphic Tees,0
67,UT: Graphic Tees,0
68,UT: Graphic Tees,0
69,UT: Graphic Tees,0
70,UT: Graphic Tees,0
71,UT: Graphic Tees,0
72,UT: Graphic Tees,0
73,UT: Graphic Tees,0
76,UT: Graphic Tees,0
77,UT: Graphic Tees,0
78,UT: Graphic Tees,0
79,UT: Graphic Tees,0
80,UT: Graphic Tees,0
81,UT: Graphic Tees,0
82,UT: Graphic Tees,0
86,UT: Graphic Tees,0
87,UT: Graphic Tees,0
88,UT: Graphic Tees,0
89,UT: Graphic Tees,0
90,UT: Graphic Tees,0
91,UT: Graphic Tees,0
92,UT: Graphic Tees,0
96,UT: Graphic Tees,0
97,UT: Graphic Tees,0
98,UT: Graphic Tees,0
99,UT: Graphic Tees,0
101,UT: Graphic Tees,0
103,UT: Graphic Tees,0
104,UT: Graphic Tees,0
105,UT: Graphic Tees,0
106,UT: Graphic Tees,0
107,UT: Graphic Tees,0
108,UT: Graphic Tees,0
109,UT: Graphic Tees,0
112,UT: Graphic Tees,0
113,UT: Graphic Tees,0
114,UT: Graphic Tees,0
115,UT: Graphic Tees,0
117,UT: Graphic Tees,0
121,UT: Graphic Tees,0
122,UT: Graphic Tees,0
123,UT: Graphic Tees,0
124,UT: Graphic Tees,0
125,UT: Graphic Tees,0
128,UT: Graphic Tees,0
129,UT: Graphic Tees,0
130,UT: Graphic Tees,0
131,UT: Graphic Tees,0
133,UT: Graphic Tees,0
137,UT: Graphic Tees,0
138,UT: Graphic Tees,0
139,UT: Graphic Tees,0
140,UT: Graphic Tees,0
145,UT: Graphic Tees,0
146,UT: Graphic Tees,0
147,UT: Graphic Tees,0
148,UT: Graphic Tees,0
149,UT: Graphic Tees,0
150,UT: Graphic Tees,0
151,UT: Graphic Tees,0
152,UT: Graphic Tees,0
153,UT: Graphic Tees,0
155,UT: Graphic Tees,0
156,UT: Graphic Tees,0
157,UT: Graphic Tees,0
158,UT: Graphic Tees,0
159,UT: Graphic Tees,0
160,UT: Graphic Tees,0
161,UT: Graphic Tees,0
162,UT: Graphic Tees,0
163,UT: Graphic Tees,0
165,UT: Graphic Tees,0
166,UT: Graphic Tees,0
167,UT: Graphic Tees,0
168,UT: Graphic Tees,0
169,UT: Graphic Tees,0
170,UT: Graphic Tees,0
171,UT: Graphic Tees,0
172,UT: Graphic Tees,0
173,UT: Graphic Tees,0
176,UT: Graphic Tees,0
177,UT: Graphic Tees,0
178,UT: Graphic Tees,0
179,UT: Graphic Tees,0
180,UT: Graphic Tees,0
181,UT: Graphic Tees,0
182,UT: Graphic Tees,0
183,UT: Graphic Tees,0
184,UT: Graphic Tees,0
186,UT: Graphic Tees,0
187,UT: Graphic Tees,0
188,UT: Graphic Tees,0
189,UT: Graphic Tees,0
191,UT: Graphic Tees,0
195,UT: Graphic Tees,0
196,UT: Graphic Tees,0
197,UT: Graphic Tees,0
198,UT: Graphic Tees,0
199,UT: Graphic Tees,0
200,UT: Graphic Tees,0
205,UT: Graphic Tees,0
206,UT: Graphic Tees,0
207,UT: Graphic Tees,0
208,UT: Graphic Tees,0
209,UT: Graphic Tees,0
210,UT: Graphic Tees,0
215,UT: Graphic Tees,0
216,UT: Graphic Tees,0
217,UT: Graphic Tees,0
218,UT: Graphic Tees,0
219,UT: Graphic Tees,0
220,UT: Graphic Tees,0
225,PEACE FOR ALL,1
226,PEACE FOR ALL,1
227,PEACE FOR ALL,1
228,PEACE FOR ALL,1
229,PEACE FOR ALL,1
233,PEACE FOR ALL,1
234,PEACE FOR ALL,1
235,PEACE FOR ALL,1
236,PEACE FOR ALL,1
237,PEACE FOR ALL,1
241,PEACE FOR ALL,1
242,PEACE FOR ALL,1
243,PEACE FOR ALL,1
244,PEACE FOR ALL,1
245,PEACE FOR ALL,1
249,PEACE FOR ALL,1
250,PEACE FOR ALL,1
251,PEACE FOR ALL,1
252,PEACE FOR ALL,1
253,PEACE FOR ALL,1
257,PEACE FOR ALL,1
258,PEACE FOR ALL,1
259,PEACE FOR ALL,1
260,PEACE FOR ALL,1
261,PEACE FOR ALL,1
265,PEACE FOR ALL,1
266,PEACE FOR ALL,1
267,PEACE FOR ALL,1
268,PEACE FOR ALL,1
269,PEACE FOR ALL,1
273,PEACE FOR ALL,1
274,PEACE FOR ALL,1
275,PEACE FOR ALL,1
276,PEACE FOR ALL,1
277,PEACE FOR ALL,1
281,PEACE FOR ALL,1
282,PEACE FOR ALL,1
283,PEACE FOR ALL,1
284,PEACE FOR ALL,1
285,PEACE FOR ALL,1
289,PEACE FOR ALL,1
290,PEACE FOR ALL,1
291,PEACE FOR ALL,1
292,PEACE FOR ALL,1
293,PEACE FOR ALL,1
297,PEACE FOR ALL,1
298,PEACE FOR ALL,1
299,PEACE FOR ALL,1
300,PEACE FOR ALL,1
301,PEACE FOR ALL,1
305,PEACE FOR ALL,1
306,PEACE FOR ALL,1
307,PEACE FOR ALL,1
308,PEACE FOR ALL,1
309,PEACE FOR ALL,1
313,PEACE FOR ALL,1
314,PEACE FOR ALL,1
315,PEACE FOR ALL,1
316,PEACE FOR ALL,1
317,PEACE FOR ALL,1
321,PEACE FOR ALL,1
322,PEACE FOR ALL,1
323,PEACE FOR ALL,1
324,PEACE FOR ALL,1
325,PEACE FOR ALL,1
329,PEACE FOR ALL,1
330,PEACE FOR ALL,1
331,PEACE FOR ALL,1
332,PEACE FOR ALL,1
333,PEACE FOR ALL,1
337,PEACE FOR ALL,1
338,PEACE FOR ALL,1
339,PEACE FOR ALL,1
340,PEACE FOR ALL,1
341,PEACE FOR ALL,1
342,PEACE FOR ALL,1
346,PEACE FOR ALL,1
347,PEACE FOR ALL,1
348,PEACE FOR ALL,1
349,PEACE FOR ALL,1
350,PEACE FOR ALL,1
351,PEACE FOR ALL,1
355,PEACE FOR ALL,1
356,PEACE FOR ALL,1
357,PEACE FOR ALL,1
358,PEACE FOR ALL,1
359,PEACE FOR ALL,1
360,PEACE FOR ALL,1
364,PEACE FOR ALL,1
365,PEACE FOR ALL,1
366,PEACE FOR ALL,1
367,PEACE FOR ALL,1
368,PEACE FOR ALL,1
369,PEACE FOR ALL,1
373,PEACE FOR ALL,1
374,PEACE FOR ALL,1
375,PEACE FOR ALL,1
376,PEACE FOR ALL,1
377,PEACE FOR ALL,1
378,PEACE FOR ALL,1
382,PEACE FOR ALL,1
383,PEACE FOR ALL,1
384,PEACE FOR ALL,1
385,PEACE FOR ALL,1
386,PEACE FOR ALL,1
390,PEACE FOR ALL,1
391,PEACE FOR ALL,1
392,PEACE FOR ALL,1
393,PEACE FOR ALL,1
394,PEACE FOR ALL,1
395,PEACE FOR ALL,1
399,PEACE FOR ALL,1
400,PEACE FOR ALL,1
401,PEACE FOR ALL,1
402,PEACE FOR ALL,1
403,PEACE FOR ALL,1
404,PEACE FOR ALL,1
409,PEACE FOR ALL,1
410,PEACE FOR ALL,1
411,PEACE FOR ALL,1
412,PEACE FOR ALL,1
413,PEACE FOR ALL,1
414,PEACE FOR ALL,1
418,PEACE FOR ALL,1
419,PEACE FOR ALL,1
420,PEACE FOR ALL,1
421,PEACE FOR ALL,1
422,PEACE FOR ALL,1
423,PEACE FOR ALL,1
428,PEACE FOR ALL,1
429,PEACE FOR ALL,1
430,PEACE FOR ALL,1
431,PEACE FOR ALL,1
432,PEACE FOR ALL,1
433,PEACE FOR ALL,1
437,PEACE FOR ALL,1
438,PEACE FOR ALL,1
439,PEACE FOR ALL,1
440,PEACE FOR ALL,1
441,PEACE FOR ALL,1
442,PEACE FOR ALL,1
443,PEACE FOR ALL,1
444,PEACE FOR ALL,1
445,PEACE FOR ALL,1
448,PEACE FOR ALL,1
449,PEACE FOR ALL,1
450,PEACE FOR ALL,1
451,PEACE FOR ALL,1
452,PEACE FOR ALL,1
453,PEACE FOR ALL,1
458,PEACE FOR ALL,1
459,PEACE FOR ALL,1
460,PEACE FOR ALL,1
461,PEACE FOR ALL,1
462,PEACE FOR ALL,1
463,PEACE FOR ALL,1
468,PEACE FOR ALL,1
469,PEACE FOR ALL,1
470,PEACE FOR ALL,1
471,PEACE FOR ALL,1
472,PEACE FOR ALL,1
473,PEACE FOR ALL,1
474,PEACE FOR ALL,1
479,PEACE FOR ALL,1
480,PEACE FOR ALL,1
481,PEACE FOR ALL,1
482,PEACE FOR ALL,1
483,PEACE FOR ALL,1
484,PEACE FOR ALL,1
485,PEACE FOR ALL,1
490,PEACE FOR ALL,1
491,PEACE FOR ALL,1
492,PEACE FOR ALL,1
493,PEACE FOR ALL,1
494,PEACE FOR ALL,1
495,PEACE FOR ALL,1
496,PEACE FOR ALL,1
502,PEACE FOR ALL,1
503,PEACE FOR ALL,1
504,PEACE FOR ALL,1
505,PEACE FOR ALL,1
506,PEACE FOR ALL,1
507,PEACE FOR ALL,1
510,PEACE FOR ALL,1
511,PEACE FOR ALL,1
512,PEACE FOR ALL,1
513,PEACE FOR ALL,1
514,PEACE FOR ALL,1
517,PEACE FOR ALL,1
518,PEACE FOR ALL,1
519,PEACE FOR ALL,1
520,PEACE FOR ALL,1
521,PEACE FOR ALL,1
524,PEACE FOR ALL,1
525,PEACE FOR ALL,1
526,PEACE FOR ALL,1
527,PEACE FOR ALL,1
528,PEACE FOR ALL,1
531,PEACE FOR ALL,1
532,PEACE FOR ALL,1
533,PEACE FOR ALL,1
534,PEACE FOR ALL,1
535,PEACE FOR ALL,1
536,PEACE FOR ALL,1
539,PEACE FOR ALL,1
540,PEACE FOR ALL,1
541,PEACE FOR ALL,1
542,PEACE FOR ALL,1
543,PEACE FOR ALL,1
547,PEACE FOR ALL,1
548,PEACE FOR ALL,1
549,PEACE FOR ALL,1
550,PEACE FOR ALL,1
551,PEACE FOR ALL,1
555,PEACE FOR ALL,1
556,PEACE FOR ALL,1
557,PEACE FOR ALL,1
558,PEACE FOR ALL,1
559,PEACE FOR ALL,1
562,PEACE FOR ALL,1
563,PEACE FOR ALL,1
564,PEACE FOR ALL,1
569,Casual Shirts,2
570,Casual Shirts,2
571,Casual Shirts,2
572,Casual Shirts,2
573,Casual Shirts,2
576,Casual Shirts,2
577,Casual Shirts,2
578,Casual Shirts,2
579,Casual Shirts,2
580,Casual Shirts,2
581,Casual Shirts,2
583,Casual Shirts,2
584,Casual Shirts,2
585,Casual Shirts,2
586,Casual Shirts,2
587,Casual Shirts,2
588,Casual Shirts,2
589,Casual Shirts,2
590,Casual Shirts,2
591,Casual Shirts,2
592,Casual Shirts,2
593,Casual Shirts,2
594,Casual Shirts,2
595,Casual Shirts,2
599,Casual Shirts,2
600,Casual Shirts,2
601,Casual Shirts,2
603,Casual Shirts,2
604,Casual Shirts,2
607,Casual Shirts,2
608,Casual Shirts,2
609,Casual Shirts,2
610,Casual Shirts,2
611,Casual Shirts,2
613,Casual Shirts,2
614,Casual Shirts,2
617,Casual Shirts,2
618,Casual Shirts,2
619,Casual Shirts,2
620,Casual Shirts,2
621,Casual Shirts,2
623,Casual Shirts,2
624,Casual Shirts,2
627,Casual Shirts,2
628,Casual Shirts,2
629,Casual Shirts,2
631,Casual Shirts,2
632,Casual Shirts,2
635,Casual Shirts,2
636,Casual Shirts,2
637,Casual Shirts,2
639,Casual Shirts,2
640,Casual Shirts,2
643,Casual Shirts,2
644,Casual Shirts,2
645,Casual Shirts,2
646,Casual Shirts,2
647,Casual Shirts,2
648,Casual Shirts,2
649,Casual Shirts,2
651,Casual Shirts,2
652,Casual Shirts,2
655,Casual Shirts,2
656,Casual Shirts,2
657,Casual Shirts,2
658,Casual Shirts,2
659,Casual Shirts,2
660,Casual Shirts,2
662,Casual Shirts,2
663,Casual Shirts,2
666,Casual Shirts,2
667,Casual Shirts,2
668,Casual Shirts,2
670,Casual Shirts,2
671,Casual Shirts,2
674,Casual Shirts,2
675,Casual Shirts,2
676,Casual Shirts,2
677,Casual Shirts,2
678,Casual Shirts,2
680,Casual Shirts,2
681,Casual Shirts,2
684,Casual Shirts,2
685,Casual Shirts,2
686,Casual Shirts,2
688,Casual Shirts,2
689,Casual Shirts,2
692,Casual Shirts,2
693,Casual Shirts,2
694,Casual Shirts,2
695,Casual Shirts,2
696,Casual Shirts,2
698,Casual Shirts,2
700,Casual Shirts,2
703,Casual Shirts,2
704,Casual Shirts,2
705,Casual Shirts,2
706,Casual Shirts,2
707,Casual Shirts,2
708,Casual Shirts,2
709,Casual Shirts,2
712,Casual Shirts,2
713,Casual Shirts,2
714,Casual Shirts,2
715,Casual Shirts,2
716,Casual Shirts,2
717,Casual Shirts,2
718,Casual Shirts,2
719,Casual Shirts,2
721,Casual Shirts,2
722,Casual Shirts,2
723,Casual Shirts,2
724,Casual Shirts,2
725,Casual Shirts,2
726,Casual Shirts,2
727,Casual Shirts,2
728,Casual Shirts,2
731,Casual Shirts,2
732,Casual Shirts,2
733,Casual Shirts,2
735,Casual Shirts,2
736,Casual Shirts,2
738,Casual Shirts,2
739,Casual Shirts,2
740,Casual Shirts,2
741,Casual Shirts,2
743,Casual Shirts,2
744,Casual Shirts,2
746,Casual Shirts,2
747,Casual Shirts,2
748,Casual Shirts,2
750,Casual Shirts,2
751,Casual Shirts,2
755,Casual Shirts,2
756,Casual Shirts,2
757,Casual Shirts,2
759,Casual Shirts,2
761,Casual Shirts,2
762,Casual Shirts,2
763,Casual Shirts,2
765,Casual Shirts,2
766,Casual Shirts,2
767,Casual Shirts,2
769,Casual Shirts,2
770,Casual Shirts,2
771,Casual Shirts,2
772,Casual Shirts,2
774,Casual Shirts,2
776,Casual Shirts,2
779,Casual Shirts,2
780,Casual Shirts,2
781,Casual Shirts,2
783,Casual Shirts,2
786,Casual Shirts,2
787,Casual Shirts,2
788,Casual Shirts,2
789,Casual Shirts,2
790,Casual Shirts,2
791,Casual Shirts,2
792,Casual Shirts,2
795,Casual Shirts,2
796,Casual Shirts,2
797,Casual Shirts,2
798,Casual Shirts,2
799,Casual Shirts,2
800,Casual Shirts,2
801,Casual Shirts,2
804,Casual Shirts,2
805,Casual Shirts,2
806,Casual Shirts,2
807,Casual Shirts,2
808,Casual Shirts,2
809,Casual Shirts,2
810,Casual Shirts,2
811,Casual Shirts,2
812,Casual Shirts,2
816,Casual Shirts,2
817,Casual Shirts,2
818,Casual Shirts,2
819,Casual Shirts,2
820,Casual Shirts,2
821,Casual Shirts,2
822,Casual Shirts,2
823,Casual Shirts,2
824,Casual Shirts,2
825,Casual Shirts,2
827,Casual Shirts,2
828,Casual Shirts,2
829,Casual Shirts,2
831,Casual Shirts,2
834,Casual Shirts,2
835,Casual Shirts,2
836,Casual Shirts,2
838,Casual Shirts,2
841,Casual Shirts,2
842,Casual Shirts,2
843,Casual Shirts,2
845,Casual Shirts,2
848,Casual Shirts,2
849,Casual Shirts,2
851,Casual Shirts,2
852,Casual Shirts,2
853,Casual Shirts,2
854,Casual Shirts,2
857,Casual Shirts,2
858,Casual Shirts,2
859,Casual Shirts,2
860,Casual Shirts,2
861,Casual Shirts,2
862,Casual Shirts,2
863,Casual Shirts,2
864,Casual Shirts,2
865,Casual Shirts,2
868,Casual Shirts,2
869,Casual Shirts,2
870,Casual Shirts,2
871,Casual Shirts,2
872,Casual Shirts,2
875,Casual Shirts,2
876,Casual Shirts,2
877,Casual Shirts,2
879,Casual Shirts,2
880,Casual Shirts,2
883,Casual Shirts,2
884,Casual Shirts,2
885,Casual Shirts,2
887,Casual Shirts,2
890,Dress Shirts (Formal Shirts),3
891,Dress Shirts (Formal Shirts),3
893,Dress Shirts (Formal Shirts),3
894,Dress Shirts (Formal Shirts),3
895,Dress Shirts (Formal Shirts),3
899,Dress Shirts (Formal Shirts),3
901,Dress Shirts (Formal Shirts),3
902,Dress Shirts (Formal Shirts),3
903,Dress Shirts (Formal Shirts),3
906,Dress Shirts (Formal Shirts),3
908,Dress Shirts (Formal Shirts),3
909,Dress Shirts (Formal Shirts),3
913,Dress Shirts (Formal Shirts),3
914,Dress Shirts (Formal Shirts),3
916,Dress Shirts (Formal Shirts),3
917,Dress Shirts (Formal Shirts),3
920,Dress Shirts (Formal Shirts),3
922,Dress Shirts (Formal Shirts),3
923,Dress Shirts (Formal Shirts),3
926,Dress Shirts (Formal Shirts),3
927,Dress Shirts (Formal Shirts),3
929,Dress Shirts (Formal Shirts),3
930,Dress Shirts (Formal Shirts),3
933,Dress Shirts (Formal Shirts),3
934,Dress Shirts (Formal Shirts),3
936,Dress Shirts (Formal Shirts),3
937,Dress Shirts (Formal Shirts),3
938,Dress Shirts (Formal Shirts),3
941,Dress Shirts (Formal Shirts),3
943,Dress Shirts (Formal Shirts),3
944,Dress Shirts (Formal Shirts),3
947,Dress Shirts (Formal Shirts),3
949,Dress Shirts (Formal Shirts),3
950,Dress Shirts (Formal Shirts),3
953,Dress Shirts (Formal Shirts),3
955,Dress Shirts (Formal Shirts),3
958,Sweaters & Cardigans,4
960,Sweaters & Cardigans,4
961,Sweaters & Cardigans,4
962,Sweaters & Cardigans,4
964,Sweaters & Cardigans,4
965,Sweaters & Cardigans,4
966,Sweaters & Cardigans,4
967,Sweaters & Cardigans,4
968,Sweaters & Cardigans,4
970,Sweaters & Cardigans,4
972,Sweaters & Cardigans,4
973,Sweaters & Cardigans,4
974,Sweaters & Cardigans,4
975,Sweaters & Cardigans,4
978,Sweaters & Cardigans,4
979,Sweaters & Cardigans,4
980,Sweaters & Cardigans,4
981,Sweaters & Cardigans,4
983,Sweaters & Cardigans,4
984,Sweaters & Cardigans,4
985,Sweaters & Cardigans,4
986,Sweaters & Cardigans,4
987,Sweaters & Cardigans,4
988,Sweaters & Cardigans,4
989,Sweaters & Cardigans,4
990,Sweaters & Cardigans,4
991,Sweaters & Cardigans,4
992,Sweaters & Cardigans,4
996,Sweatshirts & Hoodies,5
997,Sweatshirts & Hoodies,5
998,Sweatshirts & Hoodies,5
1000,Sweatshirts & Hoodies,5
1001,Sweatshirts & Hoodies,5
1002,Sweatshirts & Hoodies,5
1003,Sweatshirts & Hoodies,5
1005,Sweatshirts & Hoodies,5
1006,Sweatshirts & Hoodies,5
1007,Sweatshirts & Hoodies,5
1008,Sweatshirts & Hoodies,5
1009,Sweatshirts & Hoodies,5
1010,Sweatshirts & Hoodies,5
1011,Sweatshirts & Hoodies,5
1013,Sweatshirts & Hoodies,5
1014,Sweatshirts & Hoodies,5
1015,Sweatshirts & Hoodies,5
1016,Sweatshirts & Hoodies,5
1017,Sweatshirts & Hoodies,5
1019,Sweatshirts & Hoodies,5
1021,Sweatshirts & Hoodies,5
1022,Sweatshirts & Hoodies,5
1023,Sweatshirts & Hoodies,5
1024,Sweatshirts & Hoodies,5
1026,Sweatshirts & Hoodies,5
1027,Sweatshirts & Hoodies,5
1028,Sweatshirts & Hoodies,5
1031,Sweatshirts & Hoodies,5
1032,Sweatshirts & Hoodies,5
1033,Sweatshirts & Hoodies,5
1034,Sweatshirts & Hoodies,5
1035,Sweatshirts & Hoodies,5
1037,Sweatshirts & Hoodies,5
1040,Sweatshirts & Hoodies,5
1041,Sweatshirts & Hoodies,5
1043,Sweatshirts & Hoodies,5
1044,Sweatshirts & Hoodies,5
1045,Sweatshirts & Hoodies,5
1049,Sweatshirts & Hoodies,5
1051,Sweatshirts & Hoodies,5
1052,Sweatshirts & Hoodies,5
1053,Sweatshirts & Hoodies,5
1054,Sweatshirts & Hoodies,5
1058,Sweatshirts & Hoodies,5
1059,Sweatshirts & Hoodies,5
1060,Sweatshirts & Hoodies,5
1061,Sweatshirts & Hoodies,5
1062,Sweatshirts & Hoodies,5
1067,Sweatshirts & Hoodies,5
1068,Sweatshirts & Hoodies,5
1069,Sweatshirts & Hoodies,5
1070,Sweatshirts & Hoodies,5
1071,Sweatshirts & Hoodies,5
1072,Sweatshirts & Hoodies,5
1073,Sweatshirts & Hoodies,5
1074,Sweatshirts & Hoodies,5
1077,Sweatshirts & Hoodies,5
1078,Sweatshirts & Hoodies,5
1079,Sweatshirts & Hoodies,5
1080,Sweatshirts & Hoodies,5
1083,Sweatshirts & Hoodies,5
1084,Sweatshirts & Hoodies,5
1085,Sweatshirts & Hoodies,5
1086,Sweatshirts & Hoodies,5
1090,Sweatshirts & Hoodies,5
1091,Sweatshirts & Hoodies,5
1092,Sweatshirts & Hoodies,5
1093,Sweatshirts & Hoodies,5
1095,Sweatshirts & Hoodies,5
1096,Sweatshirts & Hoodies,5
1097,Sweatshirts & Hoodies,5
1099,Sweatshirts & Hoodies,5
1100,Sweatshirts & Hoodies,5
1101,Sweatshirts & Hoodies,5
1102,Sweatshirts & Hoodies,5
1104,T-shirts,6
1105,T-shirts,6
1106,T-shirts,6
1107,T-shirts,6
1108,T-shirts,6
1111,T-shirts,6
1113,T-shirts,6
1115,T-shirts,6
1118,T-shirts,6
1119,T-shirts,6
1120,T-shirts,6
1121,T-shirts,6
1122,T-shirts,6
1123,T-shirts,6
1124,T-shirts,6
1125,T-shirts,6
1126,T-shirts,6
1127,T-shirts,6
1130,T-shirts,6
1131,T-shirts,6
1132,T-shirts,6
1137,T-shirts,6
1139,T-shirts,6
1140,T-shirts,6
1141,T-shirts,6
1142,T-shirts,6
1143,T-shirts,6
1149,T-shirts,6
1151,T-shirts,6
1152,T-shirts,6
1153,T-shirts,6
1154,T-shirts,6
1157,T-shirts,6
1158,T-shirts,6
1159,T-shirts,6
1160,T-shirts,6
1161,T-shirts,6
1163,T-shirts,6
1164,T-shirts,6
1165,T-shirts,6
1166,T-shirts,6
1167,T-shirts,6
1168,T-shirts,6
1173,T-shirts,6
1174,T-shirts,6
1176,T-shirts,6
1177,T-shirts,6
1178,T-shirts,6
1179,T-shirts,6
1182,T-shirts,6
1183,T-shirts,6
1184,T-shirts,6
1185,T-shirts,6
1186,T-shirts,6
1187,T-shirts,6
1188,T-shirts,6
1191,T-shirts,6
1192,T-shirts,6
1193,T-shirts,6
1194,T-shirts,6
1196,T-shirts,6
1197,T-shirts,6
1198,T-shirts,6
1201,T-shirts,6
1202,T-shirts,6
1203,T-shirts,6
1204,T-shirts,6
1206,T-shirts,6
1207,T-shirts,6
1208,T-shirts,6
1209,T-shirts,6
1213,T-shirts,6
1214,T-shirts,6
1216,T-shirts,6
1217,T-shirts,6
1218,T-shirts,6
1219,T-shirts,6
1225,T-shirts,6
1226,T-shirts,6
1227,T-shirts,6
1228,T-shirts,6
1230,T-shirts,6
1231,T-shirts,6
1236,T-shirts,6
1238,T-shirts,6
1239,T-shirts,6
1240,T-shirts,6
1241,T-shirts,6
1245,T-shirts,6
1246,T-shirts,6
1247,T-shirts,6
1249,T-shirts,6
1250,T-shirts,6
1252,T-shirts,6
1254,T-shirts,6
1255,T-shirts,6
1256,T-shirts,6
1258,T-shirts,6
1262,T-shirts,6
1263,T-shirts,6
1264,T-shirts,6
1265,T-shirts,6
1266,T-shirts,6
1267,T-shirts,6
1268,T-shirts,6
1269,T-shirts,6
1270,T-shirts,6
1271,T-shirts,6
1272,T-shirts,6
1273,T-shirts,6
1276,T-shirts,6
1277,T-shirts,6
1278,T-shirts,6
1280,T-shirts,6
1281,T-shirts,6
1282,T-shirts,6
1285,T-shirts,6
1286,T-shirts,6
1287,T-shirts,6
1289,T-shirts,6
1290,T-shirts,6
1291,T-shirts,6
1292,T-shirts,6
1293,T-shirts,6
1297,T-shirts,6
1298,T-shirts,6
1299,T-shirts,6
1301,T-shirts,6
1302,T-shirts,6
1303,T-shirts,6
1306,T-shirts,6
1307,T-shirts,6
1308,T-shirts,6
1309,T-shirts,6
1310,T-shirts,6
1311,T-shirts,6
1312,T-shirts,6
1315,T-shirts,6
1316,T-shirts,6
1317,T-shirts,6
1318,T-shirts,6
1319,T-shirts,6
1320,T-shirts,6
1321,T-shirts,6
1323,T-shirts,6
1324,T-shirts,6
1325,T-shirts,6
1326,T-shirts,6
1327,T-shirts,6
1328,T-shirts,6
1329,T-shirts,6
1333,T-shirts,6
1334,T-shirts,6
1335,T-shirts,6
1336,T-shirts,6
1337,T-shirts,6
1338,T-shirts,6
1339,T-shirts,6
1340,T-shirts,6
1341,T-shirts,6
1342,T-shirts,6
1343,T-shirts,6
1344,T-shirts,6
1345,T-shirts,6
1346,T-shirts,6
1347,T-shirts,6
1348,T-shirts,6
1351,T-shirts,6
1352,T-shirts,6
1353,T-shirts,6
1354,T-shirts,6
1355,T-shirts,6
1356,T-shirts,6
1357,T-shirts,6
1363,T-shirts,6
1364,T-shirts,6
1365,T-shirts,6
1366,T-shirts,6
1367,T-shirts,6
1370,Polo Shirts,7
1371,Polo Shirts,7
1372,Polo Shirts,7
1373,Polo Shirts,7
1374,Polo Shirts,7
1375,Polo Shirts,7
1376,Polo Shirts,7
1377,Polo Shirts,7
1378,Polo Shirts,7
1379,Polo Shirts,7
1382,Polo Shirts,7
1383,Polo Shirts,7
1384,Polo Shirts,7
1385,Polo Shirts,7
1386,Polo Shirts,7
1392,Polo Shirts,7
1394,Polo Shirts,7
1395,Polo Shirts,7
1396,Polo Shirts,7
1397,Polo Shirts,7
1399,Polo Shirts,7
1400,Polo Shirts,7
1401,Polo Shirts,7
1402,Polo Shirts,7
1403,Polo Shirts,7
1404,Polo Shirts,7
1405,Polo Shirts,7
1406,Polo Shirts,7
1410,Polo Shirts,7
1411,Polo Shirts,7
1412,Polo Shirts,7
1413,Polo Shirts,7
1415,Polo Shirts,7
1416,Polo Shirts,7
1421,Polo Shirts,7
1422,Polo Shirts,7
1423,Polo Shirts,7
1424,Polo Shirts,7
1426,Polo Shirts,7
1427,Polo Shirts,7
1428,Polo Shirts,7
1432,Polo Shirts,7
1433,Polo Shirts,7
1434,Polo Shirts,7
1435,Polo Shirts,7
1437,Polo Shirts,7
1438,Polo Shirts,7
1439,Polo Shirts,7
1443,Polo Shirts,7
1444,Polo Shirts,7
1445,Polo Shirts,7
1446,Polo Shirts,7
1448,Polo Shirts,7
1452,Polo Shirts,7
1453,Polo Shirts,7
1454,Polo Shirts,7
1460,Polo Shirts,7
1461,Polo Shirts,7
1462,Polo Shirts,7
1463,Polo Shirts,7
1464,Polo Shirts,7
1467,Polo Shirts,7
1468,Polo Shirts,7
1469,Polo Shirts,7
1470,Polo Shirts,7
1471,Polo Shirts,7
1472,Polo Shirts,7
1474,Polo Shirts,7
1475,Polo Shirts,7
1476,Polo Shirts,7
1477,Polo Shirts,7
1478,Polo Shirts,7
1479,Polo Shirts,7
1481,PEACE FOR ALL,1
1482,PEACE FOR ALL,1
1483,PEACE FOR ALL,1
1484,PEACE FOR ALL,1
1485,PEACE FOR ALL,1
1489,PEACE FOR ALL,1
1490,PEACE FOR ALL,1
1491,PEACE FOR ALL,1
1492,PEACE FOR ALL,1
1493,PEACE FOR ALL,1
1497,PEACE FOR ALL,1
1498,PEACE FOR ALL,1
1499,PEACE FOR ALL,1
1500,PEACE FOR ALL,1
1501,PEACE FOR ALL,1
1505,PEACE FOR ALL,1
1506,PEACE FOR ALL,1
1507,PEACE FOR ALL,1
1508,PEACE FOR ALL,1
1509,PEACE FOR ALL,1
1513,PEACE FOR ALL,1
1514,PEACE FOR ALL,1
1515,PEACE FOR ALL,1
1516,PEACE FOR ALL,1
1517,PEACE FOR ALL,1
1521,PEACE FOR ALL,1
1522,PEACE FOR ALL,1
1523,PEACE FOR ALL,1
1524,PEACE FOR ALL,1
1525,PEACE FOR ALL,1
1529,PEACE FOR ALL,1
1530,PEACE FOR ALL,1
1531,PEACE FOR ALL,1
1532,PEACE FOR ALL,1
1533,PEACE FOR ALL,1
1537,PEACE FOR ALL,1
1538,PEACE FOR ALL,1
1539,PEACE FOR ALL,1
1540,PEACE FOR ALL,1
1541,PEACE FOR ALL,1
1545,PEACE FOR ALL,1
1546,PEACE FOR ALL,1
1547,PEACE FOR ALL,1
1548,PEACE FOR ALL,1
1549,PEACE FOR ALL,1
1553,PEACE FOR ALL,1
1554,PEACE FOR ALL,1
1555,PEACE FOR ALL,1
1556,PEACE FOR ALL,1
1557,PEACE FOR ALL,1
1561,PEACE FOR ALL,1
1562,PEACE FOR ALL,1
1563,PEACE FOR ALL,1
1564,PEACE FOR ALL,1
1565,PEACE FOR ALL,1
1569,PEACE FOR ALL,1
1570,PEACE FOR ALL,1
1571,PEACE FOR ALL,1
1572,PEACE FOR ALL,1
1573,PEACE FOR ALL,1
1577,PEACE FOR ALL,1
1578,PEACE FOR ALL,1
1579,PEACE FOR ALL,1
1580,PEACE FOR ALL,1
1581,PEACE FOR ALL,1
1585,PEACE FOR ALL,1
1586,PEACE FOR ALL,1
1587,PEACE FOR ALL,1
1588,PEACE FOR ALL,1
1589,PEACE FOR ALL,1
1593,PEACE FOR ALL,1
1594,PEACE FOR ALL,1
1595,PEACE FOR ALL,1
1596,PEACE FOR ALL,1
1597,PEACE FOR ALL,1
1598,PEACE FOR ALL,1
1602,PEACE FOR ALL,1
1603,PEACE FOR ALL,1
1604,PEACE FOR ALL,1
1605,PEACE FOR ALL,1
1606,PEACE FOR ALL,1
1607,PEACE FOR ALL,1
1611,PEACE FOR ALL,1
1612,PEACE FOR ALL,1
1613,PEACE FOR ALL,1
1614,PEACE FOR ALL,1
1615,PEACE FOR ALL,1
1616,PEACE FOR ALL,1
1620,PEACE FOR ALL,1
1621,PEACE FOR ALL,1
1622,PEACE FOR ALL,1
1623,PEACE FOR ALL,1
1624,PEACE FOR ALL,1
1625,PEACE FOR ALL,1
1629,PEACE FOR ALL,1
1630,PEACE FOR ALL,1
1631,PEACE FOR ALL,1
1632,PEACE FOR ALL,1
1633,PEACE FOR ALL,1
1634,PEACE FOR ALL,1
1638,PEACE FOR ALL,1
1639,PEACE FOR ALL,1
1640,PEACE FOR ALL,1
1641,PEACE FOR ALL,1
1642,PEACE FOR ALL,1
1646,PEACE FOR ALL,1
1647,PEACE FOR ALL,1
1648,PEACE FOR ALL,1
1649,PEACE FOR ALL,1
1650,PEACE FOR ALL,1
1651,PEACE FOR ALL,1
1655,PEACE FOR ALL,1
1656,PEACE FOR ALL,1
1657,PEACE FOR ALL,1
1658,PEACE FOR ALL,1
1659,PEACE FOR ALL,1
1660,PEACE FOR ALL,1
1665,PEACE FOR ALL,1
1666,PEACE FOR ALL,1
1667,PEACE FOR ALL,1
1668,PEACE FOR ALL,1
1669,PEACE FOR ALL,1
1670,PEACE FOR ALL,1
1674,PEACE FOR ALL,1
1675,PEACE FOR ALL,1
1676,PEACE FOR ALL,1
1677,PEACE FOR ALL,1
1678,PEACE FOR ALL,1
1679,PEACE FOR ALL,1
1684,PEACE FOR ALL,1
1685,PEACE FOR ALL,1
1686,PEACE FOR ALL,1
1687,PEACE FOR ALL,1
1688,PEACE FOR ALL,1
1689,PEACE FOR ALL,1
1693,PEACE FOR ALL,1
1694,PEACE FOR ALL,1
1695,PEACE FOR ALL,1
1696,PEACE FOR ALL,1
1697,PEACE FOR ALL,1
1698,PEACE FOR ALL,1
1699,PEACE FOR ALL,1
1700,PEACE FOR ALL,1
1701,PEACE FOR ALL,1
1704,PEACE FOR ALL,1
1705,PEACE FOR ALL,1
1706,PEACE FOR ALL,1
1707,PEACE FOR ALL,1
1708,PEACE FOR ALL,1
1709,PEACE FOR ALL,1
1714,PEACE FOR ALL,1
1715,PEACE FOR ALL,1
1716,PEACE FOR ALL,1
1717,PEACE FOR ALL,1
1718,PEACE FOR ALL,1
1719,PEACE FOR ALL,1
1724,PEACE FOR ALL,1
1725,PEACE FOR ALL,1
1726,PEACE FOR ALL,1
1727,PEACE FOR ALL,1
1728,PEACE FOR ALL,1
1729,PEACE FOR ALL,1
1730,PEACE FOR ALL,1
1735,PEACE FOR ALL,1
1736,PEACE FOR ALL,1
1737,PEACE FOR ALL,1
1738,PEACE FOR ALL,1
1739,PEACE FOR ALL,1
1740,PEACE FOR ALL,1
1741,PEACE FOR ALL,1
1746,PEACE FOR ALL,1
1747,PEACE FOR ALL,1
1748,PEACE FOR ALL,1
1749,PEACE FOR ALL,1
1750,PEACE FOR ALL,1
1751,PEACE FOR ALL,1
1752,PEACE FOR ALL,1
1758,PEACE FOR ALL,1
1759,PEACE FOR ALL,1
1760,PEACE FOR ALL,1
1761,PEACE FOR ALL,1
1762,PEACE FOR ALL,1
1763,PEACE FOR ALL,1
1766,PEACE FOR ALL,1
1767,PEACE FOR ALL,1
1768,PEACE FOR ALL,1
1769,PEACE FOR ALL,1
1770,PEACE FOR ALL,1
1773,PEACE FOR ALL,1
1774,PEACE FOR ALL,1
1775,PEACE FOR ALL,1
1776,PEACE FOR ALL,1
1777,PEACE FOR ALL,1
1780,PEACE FOR ALL,1
1781,PEACE FOR ALL,1
1782,PEACE FOR ALL,1
1783,PEACE FOR ALL,1
1784,PEACE FOR ALL,1
1787,PEACE FOR ALL,1
1788,PEACE FOR ALL,1
1789,PEACE FOR ALL,1
1790,PEACE FOR ALL,1
1791,PEACE FOR ALL,1
1792,PEACE FOR ALL,1
1795,PEACE FOR ALL,1
1796,PEACE FOR ALL,1
1797,PEACE FOR ALL,1
1798,PEACE FOR ALL,1
1799,PEACE FOR ALL,1
1800,PEACE FOR ALL,1
1803,PEACE FOR ALL,1
1804,PEACE FOR ALL,1
1805,PEACE FOR ALL,1
1806,PEACE FOR ALL,1
1807,PEACE FOR ALL,1
1811,PEACE FOR ALL,1
1812,PEACE FOR ALL,1
1813,PEACE FOR ALL,1
1814,PEACE FOR ALL,1
1815,PEACE FOR ALL,1
1818,PEACE FOR ALL,1
1819,PEACE FOR ALL,1
1820,PEACE FOR ALL,1
1821,PEACE FOR ALL,1
1825,UT: Graphic Tees,0
1826,UT: Graphic Tees,0
1827,UT: Graphic Tees,0
1829,UT: Graphic Tees,0
1830,UT: Graphic Tees,0
1832,UT: Graphic Tees,0
1833,UT: Graphic Tees,0
1835,UT: Graphic Tees,0
1837,UT: Graphic Tees,0
1838,UT: Graphic Tees,0
1839,UT: Graphic Tees,0
1841,UT: Graphic Tees,0
1845,UT: Graphic Tees,0
1846,UT: Graphic Tees,0
1847,UT: Graphic Tees,0
1849,UT: Graphic Tees,0
1853,UT: Graphic Tees,0
1854,UT: Graphic Tees,0
1855,UT: Graphic Tees,0
1856,UT: Graphic Tees,0
1857,UT: Graphic Tees,0
1862,UT: Graphic Tees,0
1863,UT: Graphic Tees,0
1864,UT: Graphic Tees,0
1865,UT: Graphic Tees,0
1866,UT: Graphic Tees,0
1868,UT: Graphic Tees,0
1871,UT: Graphic Tees,0
1872,UT: Graphic Tees,0
1873,UT: Graphic Tees,0
1875,UT: Graphic Tees,0
1879,UT: Graphic Tees,0
1880,UT: Graphic Tees,0
1881,UT: Graphic Tees,0
1883,UT: Graphic Tees,0
1887,UT: Graphic Tees,0
1888,UT: Graphic Tees,0
1889,UT: Graphic Tees,0
1890,UT: Graphic Tees,0
1892,UT: Graphic Tees,0
1895,UT: Graphic Tees,0
1896,UT: Graphic Tees,0
1897,UT: Graphic Tees,0
1899,UT: Graphic Tees,0
1902,UT: Graphic Tees,0
1903,UT: Graphic Tees,0
1904,UT: Graphic Tees,0
1906,UT: Graphic Tees,0
1907,UT: Graphic Tees,0
1909,UT: Graphic Tees,0
1910,UT: Graphic Tees,0
1911,UT: Graphic Tees,0
1912,UT: Graphic Tees,0
1913,UT: Graphic Tees,0
1914,UT: Graphic Tees,0
1916,UT: Graphic Tees,0
1917,UT: Graphic Tees,0
1918,UT: Graphic Tees,0
1919,UT: Graphic Tees,0
1920,UT: Graphic Tees,0
1921,UT: Graphic Tees,0
1922,UT: Graphic Tees,0
1924,UT: Graphic Tees,0
1925,UT: Graphic Tees,0
1926,UT: Graphic Tees,0
1927,UT: Graphic Tees,0
1928,UT: Graphic Tees,0
1929,UT: Graphic Tees,0
1930,UT: Graphic Tees,0
1931,UT: Graphic Tees,0
1933,UT: Graphic Tees,0
1934,UT: Graphic Tees,0
1935,UT: Graphic Tees,0
1936,UT: Graphic Tees,0
1937,UT: Graphic Tees,0
1939,UT: Graphic Tees,0
1940,UT: Graphic Tees,0
1941,UT: Graphic Tees,0
1943,UT: Graphic Tees,0
1946,UT: Graphic Tees,0
1947,UT: Graphic Tees,0
1948,UT: Graphic Tees,0
1949,UT: Graphic Tees,0
1950,UT: Graphic Tees,0
1951,UT: Graphic Tees,0
1954,UT: Graphic Tees,0
1955,UT: Graphic Tees,0
1956,UT: Graphic Tees,0
1957,UT: Graphic Tees,0
1958,UT: Graphic Tees,0
1959,UT: Graphic Tees,0
1961,UT: Graphic Tees,0
1963,UT: Graphic Tees,0
1964,UT: Graphic Tees,0
1965,UT: Graphic Tees,0
1966,UT: Graphic Tees,0
1971,UT: Graphic Tees,0
1972,UT: Graphic Tees,0
1973,UT: Graphic Tees,0
1974,UT: Graphic Tees,0
1977,UT: Graphic Tees,0
1978,UT: Graphic Tees,0
1979,UT: Graphic Tees,0
1980,UT: Graphic Tees,0
1981,UT: Graphic Tees,0
1983,UT: Graphic Tees,0
1984,UT: Graphic Tees,0
1985,UT: Graphic Tees,0
1986,UT: Graphic Tees,0
1987,UT: Graphic Tees,0
1989,UT: Graphic Tees,0
1990,UT: Graphic Tees,0
1991,UT: Graphic Tees,0
1994,UT: Graphic Tees,0
1995,UT: Graphic Tees,0
1996,UT: Graphic Tees,0
1997,UT: Graphic Tees,0
2000,Cardigans,8
2001,Cardigans,8
2002,Cardigans,8
2003,Cardigans,8
2004,Cardigans,8
2006,Cardigans,8
2007,Cardigans,8
2008,Cardigans,8
2009,Cardigans,8
2010,Cardigans,8
2011,Cardigans,8
2012,Cardigans,8
2013,Cardigans,8
2016,Cardigans,8
2017,Cardigans,8
2018,Cardigans,8
2019,Cardigans,8
2020,Cardigans,8
2021,Cardigans,8
2022,Cardigans,8
2023,Cardigans,8
2026,Cardigans,8
2027,Cardigans,8
2028,Cardigans,8
2030,Cardigans,8
2031,Cardigans,8
2032,Cardigans,8
2035,Cardigans,8
2036,Cardigans,8
2037,Cardigans,8
2038,Cardigans,8
2039,Cardigans,8
2040,Cardigans,8
2043,Cardigans,8
2044,Cardigans,8
2046,Cardigans,8
2047,Cardigans,8
2048,Cardigans,8
2050,Cardigans,8
2051,Cardigans,8
2052,Cardigans,8
2054,Cardigans,8
2057,Cardigans,8
2058,Cardigans,8
2059,Cardigans,8
2060,Cardigans,8
2061,Cardigans,8
2062,Cardigans,8
2063,Cardigans,8
2066,Sweaters,9
2068,Sweaters,9
2069,Sweaters,9
2070,Sweaters,9
2074,Sweaters,9
2076,Sweaters,9
2077,Sweaters,9
2078,Sweaters,9
2080,Sweaters,9
2081,Sweaters,9
2082,Sweaters,9
2083,Sweaters,9
2084,Sweaters,9
2085,Sweaters,9
2086,Sweaters,9
2089,Sweaters,9
2090,Sweaters,9
2091,Sweaters,9
2092,Sweaters,9
2093,Sweaters,9
2094,Sweaters,9
2097,Sweaters,9
2098,Sweaters,9
2100,Sweaters,9
2101,Sweaters,9
2102,Sweaters,9
2104,Sweaters,9
2105,Sweaters,9
2106,Sweaters,9
2107,Sweaters,9
2108,Sweaters,9
2109,Sweaters,9
2112,Sweaters,9
2113,Sweaters,9
2114,Sweaters,9
2116,Sweaters,9
2117,Sweaters,9
2118,Sweaters,9
2121,Sweaters,9
2122,Sweaters,9
2123,Sweaters,9
2125,Sweaters,9
2126,Sweaters,9
2127,Sweaters,9
2128,Sweaters,9
2132,Sweaters,9
2133,Sweaters,9
2134,Sweaters,9
2135,Sweaters,9
2139,Sweaters,9
2140,Sweaters,9
2141,Sweaters,9
2142,Sweaters,9
2146,Sweaters,9
2147,Sweaters,9
2148,Sweaters,9
2149,Sweaters,9
2150,Sweaters,9
2152,Sweaters,9
2153,Sweaters,9
2154,Sweaters,9
2155,Sweaters,9
2159,Shirts & Blouses,10
2160,Shirts & Blouses,10
2161,Shirts & Blouses,10
2162,Shirts & Blouses,10
2168,Shirts & Blouses,10
2170,Shirts & Blouses,10
2171,Shirts & Blouses,10
2174,Shirts & Blouses,10
2175,Shirts & Blouses,10
2176,Shirts & Blouses,10
2177,Shirts & Blouses,10
2178,Shirts & Blouses,10
2179,Shirts & Blouses,10
2182,Shirts & Blouses,10
2183,Shirts & Blouses,10
2184,Shirts & Blouses,10
2185,Shirts & Blouses,10
2186,Shirts & Blouses,10
2190,Shirts & Blouses,10
2191,Shirts & Blouses,10
2192,Shirts & Blouses,10
2193,Shirts & Blouses,10
2194,Shirts & Blouses,10
2195,Shirts & Blouses,10
2196,Shirts & Blouses,10
2199,Shirts & Blouses,10
2200,Shirts & Blouses,10
2201,Shirts & Blouses,10
2202,Shirts & Blouses,10
2204,Shirts & Blouses,10
2205,Shirts & Blouses,10
2206,Shirts & Blouses,10
2207,Shirts & Blouses,10
2210,Shirts & Blouses,10
2211,Shirts & Blouses,10
2212,Shirts & Blouses,10
2213,Shirts & Blouses,10
2214,Shirts & Blouses,10
2215,Shirts & Blouses,10
2216,Shirts & Blouses,10
2217,Shirts & Blouses,10
2218,Shirts & Blouses,10
2220,Shirts & Blouses,10
2221,Shirts & Blouses,10
2222,Shirts & Blouses,10
2223,Shirts & Blouses,10
2224,Shirts & Blouses,10
2225,Shirts & Blouses,10
2226,Shirts & Blouses,10
2227,Shirts & Blouses,10
2231,Shirts & Blouses,10
2232,Shirts & Blouses,10
2233,Shirts & Blouses,10
2234,Shirts & Blouses,10
2235,Shirts & Blouses,10
2237,Shirts & Blouses,10
2238,Shirts & Blouses,10
2239,Shirts & Blouses,10
2240,Shirts & Blouses,10
2242,Shirts & Blouses,10
2243,Shirts & Blouses,10
2244,Shirts & Blouses,10
2245,Shirts & Blouses,10
2246,Shirts & Blouses,10
2247,Shirts & Blouses,10
2248,Shirts & Blouses,10
2249,Shirts & Blouses,10
2250,Shirts & Blouses,10
2251,Shirts & Blouses,10
2252,Shirts & Blouses,10
2253,Shirts & Blouses,10
2254,Shirts & Blouses,10
2255,Shirts & Blouses,10
2256,Shirts & Blouses,10
2257,Shirts & Blouses,10
2258,Shirts & Blouses,10
2260,Shirts & Blouses,10
2261,Shirts & Blouses,10
2262,Shirts & Blouses,10
2263,Shirts & Blouses,10
2264,Shirts & Blouses,10
2265,Shirts & Blouses,10
2268,Shirts & Blouses,10
2269,Shirts & Blouses,10
2270,Shirts & Blouses,10
2271,Shirts & Blouses,10
2272,Shirts & Blouses,10
2273,Shirts & Blouses,10
2274,Shirts & Blouses,10
2277,Shirts & Blouses,10
2278,Shirts & Blouses,10
2279,Shirts & Blouses,10
2280,Shirts & Blouses,10
2281,Shirts & Blouses,10
2282,Shirts & Blouses,10
2283,Shirts & Blouses,10
2285,Shirts & Blouses,10
2287,Shirts & Blouses,10
2288,Shirts & Blouses,10
2289,Shirts & Blouses,10
2291,Shirts & Blouses,10
2292,Shirts & Blouses,10
2293,Shirts & Blouses,10
2294,Shirts & Blouses,10
2295,Shirts & Blouses,10
2296,Shirts & Blouses,10
2297,Shirts & Blouses,10
2300,Shirts & Blouses,10
2301,Shirts & Blouses,10
2302,Shirts & Blouses,10
2303,Shirts & Blouses,10
2304,Shirts & Blouses,10
2305,Shirts & Blouses,10
2306,Shirts & Blouses,10
2307,Shirts & Blouses,10
2309,Shirts & Blouses,10
2310,Shirts & Blouses,10
2311,Shirts & Blouses,10
2312,Shirts & Blouses,10
2313,Shirts & Blouses,10
2315,Shirts & Blouses,10
2316,Shirts & Blouses,10
2317,Shirts & Blouses,10
2320,Shirts & Blouses,10
2321,Shirts & Blouses,10
2322,Shirts & Blouses,10
2323,Shirts & Blouses,10
2324,Shirts & Blouses,10
2325,Shirts & Blouses,10
2326,Shirts & Blouses,10
2329,Shirts & Blouses,10
2330,Shirts & Blouses,10
2331,Shirts & Blouses,10
2332,Shirts & Blouses,10
2333,Shirts & Blouses,10
2334,Shirts & Blouses,10
2335,Shirts & Blouses,10
2336,Shirts & Blouses,10
2339,Shirts & Blouses,10
2340,Shirts & Blouses,10
2341,Shirts & Blouses,10
2342,Shirts & Blouses,10
2343,Shirts & Blouses,10
2344,Shirts & Blouses,10
2345,Shirts & Blouses,10
2347,Shirts & Blouses,10
2348,Shirts & Blouses,10
2349,Shirts & Blouses,10
2350,Shirts & Blouses,10
2351,Shirts & Blouses,10
2352,Shirts & Blouses,10
2353,Shirts & Blouses,10
2354,Shirts & Blouses,10
2355,Shirts & Blouses,10
2357,Shirts & Blouses,10
2358,Shirts & Blouses,10
2359,Shirts & Blouses,10
2360,Shirts & Blouses,10
2361,Shirts & Blouses,10
2362,Shirts & Blouses,10
2365,Shirts & Blouses,10
2366,Shirts & Blouses,10
2367,Shirts & Blouses,10
2368,Shirts & Blouses,10
2369,Shirts & Blouses,10
2371,Shirts & Blouses,10
2372,Shirts & Blouses,10
2373,Shirts & Blouses,10
2374,Shirts & Blouses,10
2375,Shirts & Blouses,10
2376,Shirts & Blouses,10
2378,Shirts & Blouses,10
2379,Shirts & Blouses,10
2380,Shirts & Blouses,10
2381,Shirts & Blouses,10
2382,Shirts & Blouses,10
2383,Shirts & Blouses,10
2384,Shirts & Blouses,10
2385,Shirts & Blouses,10
2386,Shirts & Blouses,10
2388,Shirts & Blouses,10
2389,Shirts & Blouses,10
2390,Shirts & Blouses,10
2391,Shirts & Blouses,10
2392,Shirts & Blouses,10
2393,Shirts & Blouses,10
2394,Shirts & Blouses,10
2395,Shirts & Blouses,10
2397,Shirts & Blouses,10
2398,Shirts & Blouses,10
2399,Shirts & Blouses,10
2400,Shirts & Blouses,10
2401,Shirts & Blouses,10
2402,Shirts & Blouses,10
2403,Shirts & Blouses,10
2404,Shirts & Blouses,10
2406,Shirts & Blouses,10
2407,Shirts & Blouses,10
2408,Shirts & Blouses,10
2409,Shirts & Blouses,10
2410,Shirts & Blouses,10
2411,Shirts & Blouses,10
2412,Shirts & Blouses,10
2413,Shirts & Blouses,10
2414,Shirts & Blouses,10
2415,Shirts & Blouses,10
2416,Shirts & Blouses,10
2417,Shirts & Blouses,10
2418,Shirts & Blouses,10
2419,Shirts & Blouses,10
2420,Shirts & Blouses,10
2421,Shirts & Blouses,10
2423,Shirts & Blouses,10
2424,Shirts & Blouses,10
2425,Shirts & Blouses,10
2426,Shirts & Blouses,10
2427,Shirts & Blouses,10
2430,Shirts & Blouses,10
2431,Shirts & Blouses,10
2432,Shirts & Blouses,10
2433,Shirts & Blouses,10
2434,Shirts & Blouses,10
2437,Shirts & Blouses,10
2438,Shirts & Blouses,10
2439,Shirts & Blouses,10
2440,Shirts & Blouses,10
2443,Shirts & Blouses,10
2444,Shirts & Blouses,10
2445,Shirts & Blouses,10
2446,Shirts & Blouses,10
2447,Shirts & Blouses,10
2448,Shirts & Blouses,10
2449,Shirts & Blouses,10
2452,Shirts & Blouses,10
2453,Shirts & Blouses,10
2454,Shirts & Blouses,10
2455,Shirts & Blouses,10
2456,Shirts & Blouses,10
2457,Shirts & Blouses,10
2458,Shirts & Blouses,10
2459,Shirts & Blouses,10
2461,Shirts & Blouses,10
2462,Shirts & Blouses,10
2463,Shirts & Blouses,10
2464,Shirts & Blouses,10
2465,Shirts & Blouses,10
2466,Shirts & Blouses,10
2467,Shirts & Blouses,10
2468,Shirts & Blouses,10
2469,Shirts & Blouses,10
2472,Shirts & Blouses,10
2473,Shirts & Blouses,10
2474,Shirts & Blouses,10
2475,Shirts & Blouses,10
2476,Shirts & Blouses,10
2477,Shirts & Blouses,10
2479,Shirts & Blouses,10
2480,Shirts & Blouses,10
2481,Shirts & Blouses,10
2482,Shirts & Blouses,10
2483,Shirts & Blouses,10
2484,Shirts & Blouses,10
2485,Shirts & Blouses,10
2488,Shirts & Blouses,10
2489,Shirts & Blouses,10
2490,Shirts & Blouses,10
2492,Shirts & Blouses,10
2494,Shirts & Blouses,10
2497,Shirts & Blouses,10
2498,Shirts & Blouses,10
2499,Shirts & Blouses,10
2500,Shirts & Blouses,10
2501,Shirts & Blouses,10
2502,Shirts & Blouses,10
2503,Shirts & Blouses,10
2504,Shirts & Blouses,10
2505,Shirts & Blouses,10
2508,Sweatshirts & Hoodies,5
2509,Sweatshirts & Hoodies,5
2510,Sweatshirts & Hoodies,5
2511,Sweatshirts & Hoodies,5
2512,Sweatshirts & Hoodies,5
2513,Sweatshirts & Hoodies,5
2514,Sweatshirts & Hoodies,5
2515,Sweatshirts & Hoodies,5
2518,Sweatshirts & Hoodies,5
2519,Sweatshirts & Hoodies,5
2520,Sweatshirts & Hoodies,5
2522,Sweatshirts & Hoodies,5
2523,Sweatshirts & Hoodies,5
2524,Sweatshirts & Hoodies,5
2525,Sweatshirts & Hoodies,5
2528,Sweatshirts & Hoodies,5
2529,Sweatshirts & Hoodies,5
2530,Sweatshirts & Hoodies,5
2531,Sweatshirts & Hoodies,5
2533,Sweatshirts & Hoodies,5
2534,Sweatshirts & Hoodies,5
2535,Sweatshirts & Hoodies,5
2536,Sweatshirts & Hoodies,5
2538,Sweatshirts & Hoodies,5
2539,Sweatshirts & Hoodies,5
2540,Sweatshirts & Hoodies,5
2542,Sweatshirts & Hoodies,5
2543,Sweatshirts & Hoodies,5
2544,Sweatshirts & Hoodies,5
2545,Sweatshirts & Hoodies,5
2546,Sweatshirts & Hoodies,5
2551,Sweatshirts & Hoodies,5
2552,Sweatshirts & Hoodies,5
2553,Sweatshirts & Hoodies,5
2554,Sweatshirts & Hoodies,5
2555,Sweatshirts & Hoodies,5
2556,Sweatshirts & Hoodies,5
2557,Sweatshirts & Hoodies,5
2558,Sweatshirts & Hoodies,5
2561,Sweatshirts & Hoodies,5
2562,Sweatshirts & Hoodies,5
2563,Sweatshirts & Hoodies,5
2564,Sweatshirts & Hoodies,5
2566,Sweatshirts & Hoodies,5
2567,Sweatshirts & Hoodies,5
2568,Sweatshirts & Hoodies,5
2569,Sweatshirts & Hoodies,5
2570,Sweatshirts & Hoodies,5
2571,Sweatshirts & Hoodies,5
2573,Sweatshirts & Hoodies,5
2574,Sweatshirts & Hoodies,5
2577,Sweatshirts & Hoodies,5
2578,Sweatshirts & Hoodies,5
2579,Sweatshirts & Hoodies,5
2580,Sweatshirts & Hoodies,5
2582,Sweatshirts & Hoodies,5
2583,Sweatshirts & Hoodies,5
2584,Sweatshirts & Hoodies,5
2586,Sweatshirts & Hoodies,5
2589,Bra Tops,11
2590,Bra Tops,11
2591,Bra Tops,11
2592,Bra Tops,11
2593,Bra Tops,11
2594,Bra Tops,11
2595,Bra Tops,11
2597,Bra Tops,11
2598,Bra Tops,11
2599,Bra Tops,11
2600,Bra Tops,11
2601,Bra Tops,11
2605,Bra Tops,11
2606,Bra Tops,11
2607,Bra Tops,11
2608,Bra Tops,11
2611,Bra Tops,11
2612,Bra Tops,11
2613,Bra Tops,11
2614,Bra Tops,11
2615,Bra Tops,11
2618,Polo Shirts,7
2619,Polo Shirts,7
2620,Polo Shirts,7
2621,Polo Shirts,7
2623,Polo Shirts,7
2627,Polo Shirts,7
2628,Polo Shirts,7
2629,Polo Shirts,7
2630,Polo Shirts,7
2631,Polo Shirts,7
2634,Polo Shirts,7
2635,Polo Shirts,7
2636,Polo Shirts,7
2637,Polo Shirts,7
2639,Polo Shirts,7
2640,Polo Shirts,7
2641,Polo Shirts,7
2645,Polo Shirts,7
2646,Polo Shirts,7
2647,Polo Shirts,7
2648,Polo Shirts,7
2649,Polo Shirts,7
2652,Polo Shirts,7
2653,Polo Shirts,7
2654,Polo Shirts,7
2655,Polo Shirts,7
2657,Polo Shirts,7
2658,Polo Shirts,7
2659,Polo Shirts,7
2663,Polo Shirts,7
2664,Polo Shirts,7
2665,Polo Shirts,7
2666,Polo Shirts,7
2668,Polo Shirts,7
2669,Polo Shirts,7
2674,Polo Shirts,7
2675,Polo Shirts,7
2676,Polo Shirts,7
2677,Polo Shirts,7
2678,Polo Shirts,7
2679,Polo Shirts,7
2681,Polo Shirts,7
2682,Polo Shirts,7
2683,Polo Shirts,7
2684,Polo Shirts,7
2685,Polo Shirts,7
2686,Polo Shirts,7
2687,Polo Shirts,7
2689,Polo Shirts,7
2690,Polo Shirts,7
2691,Polo Shirts,7
2692,Polo Shirts,7
2693,Polo Shirts,7
2695,T-shirts,6
2697,T-shirts,6
2698,T-shirts,6
2699,T-shirts,6
2700,T-shirts,6
2704,T-shirts,6
2705,T-shirts,6
2706,T-shirts,6
2707,T-shirts,6
2708,T-shirts,6
2710,T-shirts,6
2711,T-shirts,6
2712,T-shirts,6
2713,T-shirts,6
2715,T-shirts,6
2716,T-shirts,6
2717,T-shirts,6
2718,T-shirts,6
2722,T-shirts,6
2723,T-shirts,6
2724,T-shirts,6
2725,T-shirts,6
2727,T-shirts,6
2728,T-shirts,6
2733,T-shirts,6
2735,T-shirts,6
2736,T-shirts,6
2737,T-shirts,6
2738,T-shirts,6
2742,T-shirts,6
2743,T-shirts,6
2744,T-shirts,6
2746,T-shirts,6
2747,T-shirts,6
2751,T-shirts,6
2753,T-shirts,6
2754,T-shirts,6
2755,T-shirts,6
2756,T-shirts,6
2758,T-shirts,6
2759,T-shirts,6
2761,T-shirts,6
2765,T-shirts,6
2766,T-shirts,6
2767,T-shirts,6
2768,T-shirts,6
2769,T-shirts,6
2770,T-shirts,6
2773,T-shirts,6
2774,T-shirts,6
2776,T-shirts,6
2777,T-shirts,6
2780,T-shirts,6
2781,T-shirts,6
2782,T-shirts,6
2784,T-shirts,6
2785,T-shirts,6
2788,T-shirts,6
2789,T-shirts,6
2790,T-shirts,6
2792,T-shirts,6
2793,T-shirts,6
2795,T-shirts,6
2796,T-shirts,6
2798,T-shirts,6
2799,T-shirts,6
2800,T-shirts,6
2802,T-shirts,6
2803,T-shirts,6
2804,T-shirts,6
2808,T-shirts,6
2809,T-shirts,6
2810,T-shirts,6
2811,T-shirts,6
2812,T-shirts,6
2813,T-shirts,6
2814,T-shirts,6
2817,T-shirts,6
2818,T-shirts,6
2819,T-shirts,6
2820,T-shirts,6
2821,T-shirts,6
2825,T-shirts,6
2826,T-shirts,6
2827,T-shirts,6
2828,T-shirts,6
2829,T-shirts,6
2830,T-shirts,6
2833,T-shirts,6
2834,T-shirts,6
2835,T-shirts,6
2837,T-shirts,6
2838,T-shirts,6
2839,T-shirts,6
2841,T-shirts,6
2842,T-shirts,6
2844,T-shirts,6
2845,T-shirts,6
2848,T-shirts,6
2849,T-shirts,6
2850,T-shirts,6
2851,T-shirts,6
2852,T-shirts,6
2854,T-shirts,6
2855,T-shirts,6
2856,T-shirts,6
2857,T-shirts,6
2858,T-shirts,6
2861,T-shirts,6
2862,T-shirts,6
2864,T-shirts,6
2865,T-shirts,6
2868,T-shirts,6
2869,T-shirts,6
2870,T-shirts,6
2872,T-shirts,6
2873,T-shirts,6
2874,T-shirts,6
2876,T-shirts,6
2877,T-shirts,6
2879,T-shirts,6
2880,T-shirts,6
2882,T-shirts,6
2883,T-shirts,6
2884,T-shirts,6
2885,T-shirts,6
2887,T-shirts,6
2888,T-shirts,6
2889,T-shirts,6
2891,T-shirts,6
2892,T-shirts,6
2893,HEATTECH Innerwear & Thermal Underwear,12
2894,HEATTECH Innerwear & Thermal Underwear,12
2896,HEATTECH Innerwear & Thermal Underwear,12
2897,HEATTECH Innerwear & Thermal Underwear,12
2898,HEATTECH Innerwear & Thermal Underwear,12
2899,HEATTECH Innerwear & Thermal Underwear,12
2904,HEATTECH Innerwear & Thermal Underwear,12
2905,HEATTECH Innerwear & Thermal Underwear,12
2911,HEATTECH Innerwear & Thermal Underwear,12
2912,HEATTECH Innerwear & Thermal Underwear,12
2914,HEATTECH Innerwear & Thermal Underwear,12
2915,HEATTECH Innerwear & Thermal Underwear,12
2916,HEATTECH Innerwear & Thermal Underwear,12
2917,HEATTECH Innerwear & Thermal Underwear,12
2922,HEATTECH Innerwear & Thermal Underwear,12
2923,HEATTECH Innerwear & Thermal Underwear,12
2928,HEATTECH Innerwear & Thermal Underwear,12
2930,HEATTECH Innerwear & Thermal Underwear,12
2931,HEATTECH Innerwear & Thermal Underwear,12
2932,HEATTECH Innerwear & Thermal Underwear,12
2936,Socks,13
2937,Socks,13
2938,Socks,13
2940,Socks,13
2941,Socks,13
2942,Socks,13
2944,Socks,13
2945,Socks,13
2946,Socks,13
2948,Socks,13
2949,Socks,13
2950,Socks,13
2951,Socks,13
2953,Socks,13
2954,Socks,13
2955,Socks,13
2957,Socks,13
2958,Socks,13
2959,Socks,13
2960,Socks,13
2962,Socks,13
2963,Socks,13
2964,Socks,13
2965,Socks,13
2966,Socks,13
2968,Socks,13
2969,Socks,13
2970,Socks,13
2971,Socks,13
2972,Socks,13
2973,Socks,13
2974,Socks,13
2975,Socks,13
2976,Socks,13
2977,Socks,13
2978,Socks,13
2979,Socks,13
2980,Socks,13
2981,Socks,13
2982,Socks,13
2983,Socks,13
2984,Socks,13
2985,Leggings & Tights,14
2986,Leggings & Tights,14
2987,Leggings & Tights,14
2988,Leggings & Tights,14
2989,Leggings & Tights,14
2991,Leggings & Tights,14
2994,Leggings & Tights,14
2995,Leggings & Tights,14
2996,Leggings & Tights,14
2997,Leggings & Tights,14
2998,Leggings & Tights,14
2999,Leggings & Tights,14
3000,Leggings & Tights,14
3003,Underwear,15
3004,Underwear,15
3005,Underwear,15
3006,Underwear,15
3010,Underwear,15
3011,Underwear,15
3012,Underwear,15
3013,Underwear,15
3014,Underwear,15
3017,Underwear,15
3018,Underwear,15
3019,Underwear,15
3020,Underwear,15
3023,Underwear,15
3024,Underwear,15
3025,Underwear,15
3026,Underwear,15
3031,Underwear,15
3032,Underwear,15
3033,Underwear,15
3034,Underwear,15
3038,Underwear,15
3039,Underwear,15
3040,Underwear,15
3041,Underwear,15
3042,Underwear,15
3048,Underwear,15
3049,Underwear,15
3050,Underwear,15
3051,Underwear,15
3053,Underwear,15
3054,Underwear,15
3055,Underwear,15
3056,Underwear,15
3057,Underwear,15
3059,Underwear,15
3060,Underwear,15
3061,Underwear,15
3062,Underwear,15
3063,Underwear,15
3065,Underwear,15
3066,Underwear,15
3067,Underwear,15
3068,Underwear,15
3069,Underwear,15
3071,Underwear,15
3072,Underwear,15
3073,Underwear,15
3074,Underwear,15
3075,Underwear,15
3077,Underwear,15
3078,Underwear,15
3079,Underwear,15
3080,Underwear,15
3081,Underwear,15
3083,Underwear,15
3084,Underwear,15
3085,Underwear,15
3086,Underwear,15
3089,Underwear,15
3090,Underwear,15
3091,Underwear,15
3094,Underwear,15
3095,Underwear,15
3096,Underwear,15
3099,AIRism Innerwear,16
3100,AIRism Innerwear,16
3101,AIRism Innerwear,16
3102,AIRism Innerwear,16
3103,AIRism Innerwear,16
3104,AIRism Innerwear,16
3105,AIRism Innerwear,16
3112,AIRism Innerwear,16
3113,AIRism Innerwear,16
3114,AIRism Innerwear,16
3115,AIRism Innerwear,16
3116,AIRism Innerwear,16
3124,AIRism Innerwear,16
3125,AIRism Innerwear,16
3126,AIRism Innerwear,16
3127,AIRism Innerwear,16
3128,AIRism Innerwear,16
3129,AIRism Innerwear,16
3130,AIRism Innerwear,16
3133,AIRism Innerwear,16
3134,AIRism Innerwear,16
3135,AIRism Innerwear,16
3136,AIRism Innerwear,16
3137,AIRism Innerwear,16
3141,AIRism Innerwear,16
3142,AIRism Innerwear,16
3143,AIRism Innerwear,16
3149,AIRism Innerwear,16
3150,AIRism Innerwear,16
3151,AIRism Innerwear,16
3158,AIRism Innerwear,16
3159,AIRism Innerwear,16
3165,AIRism Innerwear,16
3166,AIRism Innerwear,16
3168,AIRism Innerwear,16
3169,AIRism Innerwear,16
3170,AIRism Innerwear,16
3174,AIRism Innerwear,16
3175,AIRism Innerwear,16
3177,AIRism Innerwear,16
3181,AIRism Innerwear,16
3182,AIRism Innerwear,16
3184,AIRism Innerwear,16
3185,AIRism Innerwear,16
3186,AIRism Innerwear,16
3189,AIRism Innerwear,16
3190,AIRism Innerwear,16
3192,AIRism Innerwear,16
3193,AIRism Innerwear,16
3194,AIRism Innerwear,16
3196,Bra Tops,11
3197,Bra Tops,11
3198,Bra Tops,11
3199,Bra Tops,11
3200,Bra Tops,11
3201,Bra Tops,11
3202,Bra Tops,11
3204,Bra Tops,11
3205,Bra Tops,11
3206,Bra Tops,11
3207,Bra Tops,11
3208,Bra Tops,11
3209,Bra Tops,11
3215,Bra Tops,11
3216,Bra Tops,11
3217,Bra Tops,11
3218,Bra Tops,11
3221,Bra Tops,11
3222,Bra Tops,11
3223,Bra Tops,11
3224,Bra Tops,11
3225,Bra Tops,11
3228,Bras,17
3229,Bras,17
3230,Bras,17
3231,Bras,17
3232,Bras,17
3233,Bras,17
3234,Bras,17
3235,Bras,17
3238,Bras,17
3239,Bras,17
3240,Bras,17
3241,Bras,17
3242,Bras,17
3243,Bras,17
3246,Bras,17
3247,Bras,17
3248,Bras,17
3249,Bras,17
3250,Bras,17
3251,Bras,17
3255,Bras,17
3256,Bras,17
3257,Bras,17
3258,Bras,17
3259,Bras,17
3260,Bras,17
